{
    "loss": 0.8495101928710938,
    "accuracy": 0.8965517282485962
}